GEO.id,Id
HC01_EST_VC01,Total; Estimate; Population 1 year and over
HC01_MOE_VC01,Total; Margin of Error; Population 1 year and over
HC02_EST_VC01,Moved; within same county; Estimate; Population 1 year and over
HC02_MOE_VC01,Moved; within same county; Margin of Error; Population 1 year and over
HC03_EST_VC01,"Moved; from different county, same state; Estimate; Population 1 year and over"
HC03_MOE_VC01,"Moved; from different county, same state; Margin of Error; Population 1 year and over"
HC04_EST_VC01,Moved; from different  state; Estimate; Population 1 year and over
HC04_MOE_VC01,Moved; from different  state; Margin of Error; Population 1 year and over
HC05_EST_VC01,Moved; from abroad; Estimate; Population 1 year and over
HC05_MOE_VC01,Moved; from abroad; Margin of Error; Population 1 year and over
,
HC01_EST_VC21,Total; Estimate; RACE AND HISPANIC OR LATINO ORIGIN - One race - White
HC01_MOE_VC21,Total; Margin of Error; RACE AND HISPANIC OR LATINO ORIGIN - One race - White
HC04_EST_VC21,Moved; from different  state; Estimate; RACE AND HISPANIC OR LATINO ORIGIN - One race - White
HC04_MOE_VC21,Moved; from different  state; Margin of Error; RACE AND HISPANIC OR LATINO ORIGIN - One race - White
HC05_EST_VC21,Moved; from abroad; Estimate; RACE AND HISPANIC OR LATINO ORIGIN - One race - White
HC05_MOE_VC21,Moved; from abroad; Margin of Error; RACE AND HISPANIC OR LATINO ORIGIN - One race - White
,
HC01_EST_VC22,Total; Estimate; RACE AND HISPANIC OR LATINO ORIGIN - One race - Black or African American
HC01_MOE_VC22,Total; Margin of Error; RACE AND HISPANIC OR LATINO ORIGIN - One race - Black or African American
HC04_EST_VC22,Moved; from different  state; Estimate; RACE AND HISPANIC OR LATINO ORIGIN - One race - Black or African American
HC04_MOE_VC22,Moved; from different  state; Margin of Error; RACE AND HISPANIC OR LATINO ORIGIN - One race - Black or African American
HC05_EST_VC22,Moved; from abroad; Estimate; RACE AND HISPANIC OR LATINO ORIGIN - One race - Black or African American
HC05_MOE_VC22,Moved; from abroad; Margin of Error; RACE AND HISPANIC OR LATINO ORIGIN - One race - Black or African American
,
HC01_EST_VC24,Total; Estimate; RACE AND HISPANIC OR LATINO ORIGIN - One race - Asian
HC01_MOE_VC24,Total; Margin of Error; RACE AND HISPANIC OR LATINO ORIGIN - One race - Asian
HC04_EST_VC24,Moved; from different  state; Estimate; RACE AND HISPANIC OR LATINO ORIGIN - One race - Asian
HC04_MOE_VC24,Moved; from different  state; Margin of Error; RACE AND HISPANIC OR LATINO ORIGIN - One race - Asian
HC05_EST_VC24,Moved; from abroad; Estimate; RACE AND HISPANIC OR LATINO ORIGIN - One race - Asian
HC05_MOE_VC24,Moved; from abroad; Margin of Error; RACE AND HISPANIC OR LATINO ORIGIN - One race - Asian
,
HC01_EST_VC33,Total; Estimate; CITIZENSHIP STATUS - Native
HC01_MOE_VC33,Total; Margin of Error; CITIZENSHIP STATUS - Native
HC04_EST_VC33,Moved; from different  state; Estimate; CITIZENSHIP STATUS - Native
HC04_MOE_VC33,Moved; from different  state; Margin of Error; CITIZENSHIP STATUS - Native
HC05_EST_VC33,Moved; from abroad; Estimate; CITIZENSHIP STATUS - Native
HC05_MOE_VC33,Moved; from abroad; Margin of Error; CITIZENSHIP STATUS - Native
,
HC01_EST_VC34,Total; Estimate; CITIZENSHIP STATUS - Foreign born
HC01_MOE_VC34,Total; Margin of Error; CITIZENSHIP STATUS - Foreign born
HC04_EST_VC34,Moved; from different  state; Estimate; CITIZENSHIP STATUS - Foreign born
HC04_MOE_VC34,Moved; from different  state; Margin of Error; CITIZENSHIP STATUS - Foreign born
HC05_EST_VC34,Moved; from abroad; Estimate; CITIZENSHIP STATUS - Foreign born
HC05_MOE_VC34,Moved; from abroad; Margin of Error; CITIZENSHIP STATUS - Foreign born
,
HC01_EST_VC35,Total; Estimate; CITIZENSHIP STATUS - Foreign born - Naturalized U.S. citizen
HC01_MOE_VC35,Total; Margin of Error; CITIZENSHIP STATUS - Foreign born - Naturalized U.S. citizen
HC04_EST_VC35,Moved; from different  state; Estimate; CITIZENSHIP STATUS - Foreign born - Naturalized U.S. citizen
HC04_MOE_VC35,Moved; from different  state; Margin of Error; CITIZENSHIP STATUS - Foreign born - Naturalized U.S. citizen
HC05_EST_VC35,Moved; from abroad; Estimate; CITIZENSHIP STATUS - Foreign born - Naturalized U.S. citizen
HC05_MOE_VC35,Moved; from abroad; Margin of Error; CITIZENSHIP STATUS - Foreign born - Naturalized U.S. citizen
,
HC01_EST_VC36,Total; Estimate; CITIZENSHIP STATUS - Foreign born - Not a U.S. citizen
HC01_MOE_VC36,Total; Margin of Error; CITIZENSHIP STATUS - Foreign born - Not a U.S. citizen
HC04_EST_VC36,Moved; from different  state; Estimate; CITIZENSHIP STATUS - Foreign born - Not a U.S. citizen
HC04_MOE_VC36,Moved; from different  state; Margin of Error; CITIZENSHIP STATUS - Foreign born - Not a U.S. citizen
HC05_EST_VC36,Moved; from abroad; Estimate; CITIZENSHIP STATUS - Foreign born - Not a U.S. citizen
HC05_MOE_VC36,Moved; from abroad; Margin of Error; CITIZENSHIP STATUS - Foreign born - Not a U.S. citizen
,
HC01_EST_VC48,Total; Estimate; EDUCATIONAL ATTAINMENT - Population 25 years and over
HC01_MOE_VC48,Total; Margin of Error; EDUCATIONAL ATTAINMENT - Population 25 years and over
HC02_EST_VC48,Moved; within same county; Estimate; EDUCATIONAL ATTAINMENT - Population 25 years and over
HC02_MOE_VC48,Moved; within same county; Margin of Error; EDUCATIONAL ATTAINMENT - Population 25 years and over
HC03_EST_VC48,"Moved; from different county, same state; Estimate; EDUCATIONAL ATTAINMENT - Population 25 years and over"
HC03_MOE_VC48,"Moved; from different county, same state; Margin of Error; EDUCATIONAL ATTAINMENT - Population 25 years and over"
HC04_EST_VC48,Moved; from different  state; Estimate; EDUCATIONAL ATTAINMENT - Population 25 years and over
HC04_MOE_VC48,Moved; from different  state; Margin of Error; EDUCATIONAL ATTAINMENT - Population 25 years and over
HC05_EST_VC48,Moved; from abroad; Estimate; EDUCATIONAL ATTAINMENT - Population 25 years and over
HC05_MOE_VC48,Moved; from abroad; Margin of Error; EDUCATIONAL ATTAINMENT - Population 25 years and over
HC01_EST_VC49,Total; Estimate; EDUCATIONAL ATTAINMENT - Less than high school graduate
HC01_MOE_VC49,Total; Margin of Error; EDUCATIONAL ATTAINMENT - Less than high school graduate
HC02_EST_VC49,Moved; within same county; Estimate; EDUCATIONAL ATTAINMENT - Less than high school graduate
HC02_MOE_VC49,Moved; within same county; Margin of Error; EDUCATIONAL ATTAINMENT - Less than high school graduate
HC03_EST_VC49,"Moved; from different county, same state; Estimate; EDUCATIONAL ATTAINMENT - Less than high school graduate"
HC03_MOE_VC49,"Moved; from different county, same state; Margin of Error; EDUCATIONAL ATTAINMENT - Less than high school graduate"
HC04_EST_VC49,Moved; from different  state; Estimate; EDUCATIONAL ATTAINMENT - Less than high school graduate
HC04_MOE_VC49,Moved; from different  state; Margin of Error; EDUCATIONAL ATTAINMENT - Less than high school graduate
HC05_EST_VC49,Moved; from abroad; Estimate; EDUCATIONAL ATTAINMENT - Less than high school graduate
HC05_MOE_VC49,Moved; from abroad; Margin of Error; EDUCATIONAL ATTAINMENT - Less than high school graduate
HC01_EST_VC50,Total; Estimate; EDUCATIONAL ATTAINMENT - High school graduate (includes equivalency)
HC01_MOE_VC50,Total; Margin of Error; EDUCATIONAL ATTAINMENT - High school graduate (includes equivalency)
HC02_EST_VC50,Moved; within same county; Estimate; EDUCATIONAL ATTAINMENT - High school graduate (includes equivalency)
HC02_MOE_VC50,Moved; within same county; Margin of Error; EDUCATIONAL ATTAINMENT - High school graduate (includes equivalency)
HC03_EST_VC50,"Moved; from different county, same state; Estimate; EDUCATIONAL ATTAINMENT - High school graduate (includes equivalency)"
HC03_MOE_VC50,"Moved; from different county, same state; Margin of Error; EDUCATIONAL ATTAINMENT - High school graduate (includes equivalency)"
HC04_EST_VC50,Moved; from different  state; Estimate; EDUCATIONAL ATTAINMENT - High school graduate (includes equivalency)
HC04_MOE_VC50,Moved; from different  state; Margin of Error; EDUCATIONAL ATTAINMENT - High school graduate (includes equivalency)
HC05_EST_VC50,Moved; from abroad; Estimate; EDUCATIONAL ATTAINMENT - High school graduate (includes equivalency)
HC05_MOE_VC50,Moved; from abroad; Margin of Error; EDUCATIONAL ATTAINMENT - High school graduate (includes equivalency)
HC01_EST_VC51,Total; Estimate; EDUCATIONAL ATTAINMENT - Some college or associate's degree
HC01_MOE_VC51,Total; Margin of Error; EDUCATIONAL ATTAINMENT - Some college or associate's degree
HC02_EST_VC51,Moved; within same county; Estimate; EDUCATIONAL ATTAINMENT - Some college or associate's degree
HC02_MOE_VC51,Moved; within same county; Margin of Error; EDUCATIONAL ATTAINMENT - Some college or associate's degree
HC03_EST_VC51,"Moved; from different county, same state; Estimate; EDUCATIONAL ATTAINMENT - Some college or associate's degree"
HC03_MOE_VC51,"Moved; from different county, same state; Margin of Error; EDUCATIONAL ATTAINMENT - Some college or associate's degree"
HC04_EST_VC51,Moved; from different  state; Estimate; EDUCATIONAL ATTAINMENT - Some college or associate's degree
HC04_MOE_VC51,Moved; from different  state; Margin of Error; EDUCATIONAL ATTAINMENT - Some college or associate's degree
HC05_EST_VC51,Moved; from abroad; Estimate; EDUCATIONAL ATTAINMENT - Some college or associate's degree
HC05_MOE_VC51,Moved; from abroad; Margin of Error; EDUCATIONAL ATTAINMENT - Some college or associate's degree
HC01_EST_VC52,Total; Estimate; EDUCATIONAL ATTAINMENT - Bachelor's degree
HC01_MOE_VC52,Total; Margin of Error; EDUCATIONAL ATTAINMENT - Bachelor's degree
HC02_EST_VC52,Moved; within same county; Estimate; EDUCATIONAL ATTAINMENT - Bachelor's degree
HC02_MOE_VC52,Moved; within same county; Margin of Error; EDUCATIONAL ATTAINMENT - Bachelor's degree
HC03_EST_VC52,"Moved; from different county, same state; Estimate; EDUCATIONAL ATTAINMENT - Bachelor's degree"
HC03_MOE_VC52,"Moved; from different county, same state; Margin of Error; EDUCATIONAL ATTAINMENT - Bachelor's degree"
HC04_EST_VC52,Moved; from different  state; Estimate; EDUCATIONAL ATTAINMENT - Bachelor's degree
HC04_MOE_VC52,Moved; from different  state; Margin of Error; EDUCATIONAL ATTAINMENT - Bachelor's degree
HC05_EST_VC52,Moved; from abroad; Estimate; EDUCATIONAL ATTAINMENT - Bachelor's degree
HC05_MOE_VC52,Moved; from abroad; Margin of Error; EDUCATIONAL ATTAINMENT - Bachelor's degree
HC01_EST_VC53,Total; Estimate; EDUCATIONAL ATTAINMENT - Graduate or professional degree
HC01_MOE_VC53,Total; Margin of Error; EDUCATIONAL ATTAINMENT - Graduate or professional degree
HC02_EST_VC53,Moved; within same county; Estimate; EDUCATIONAL ATTAINMENT - Graduate or professional degree
HC02_MOE_VC53,Moved; within same county; Margin of Error; EDUCATIONAL ATTAINMENT - Graduate or professional degree
HC03_EST_VC53,"Moved; from different county, same state; Estimate; EDUCATIONAL ATTAINMENT - Graduate or professional degree"
HC03_MOE_VC53,"Moved; from different county, same state; Margin of Error; EDUCATIONAL ATTAINMENT - Graduate or professional degree"
HC04_EST_VC53,Moved; from different  state; Estimate; EDUCATIONAL ATTAINMENT - Graduate or professional degree
HC04_MOE_VC53,Moved; from different  state; Margin of Error; EDUCATIONAL ATTAINMENT - Graduate or professional degree
HC05_EST_VC53,Moved; from abroad; Estimate; EDUCATIONAL ATTAINMENT - Graduate or professional degree
HC05_MOE_VC53,Moved; from abroad; Margin of Error; EDUCATIONAL ATTAINMENT - Graduate or professional degree
HC01_EST_VC57,Total; Estimate; INDIVIDUAL INCOME IN THE PAST 12 MONTHS (IN 2010 INFLATION-ADJUSTED DOLLARS) - Population 15 years and over
HC01_MOE_VC57,Total; Margin of Error; INDIVIDUAL INCOME IN THE PAST 12 MONTHS (IN 2010 INFLATION-ADJUSTED DOLLARS) - Population 15 years and over
HC02_EST_VC57,Moved; within same county; Estimate; INDIVIDUAL INCOME IN THE PAST 12 MONTHS (IN 2010 INFLATION-ADJUSTED DOLLARS) - Population 15 years and over
HC02_MOE_VC57,Moved; within same county; Margin of Error; INDIVIDUAL INCOME IN THE PAST 12 MONTHS (IN 2010 INFLATION-ADJUSTED DOLLARS) - Population 15 years and over
HC03_EST_VC57,"Moved; from different county, same state; Estimate; INDIVIDUAL INCOME IN THE PAST 12 MONTHS (IN 2010 INFLATION-ADJUSTED DOLLARS) - Population 15 years and over"
HC03_MOE_VC57,"Moved; from different county, same state; Margin of Error; INDIVIDUAL INCOME IN THE PAST 12 MONTHS (IN 2010 INFLATION-ADJUSTED DOLLARS) - Population 15 years and over"
HC04_EST_VC57,Moved; from different  state; Estimate; INDIVIDUAL INCOME IN THE PAST 12 MONTHS (IN 2010 INFLATION-ADJUSTED DOLLARS) - Population 15 years and over
HC04_MOE_VC57,Moved; from different  state; Margin of Error; INDIVIDUAL INCOME IN THE PAST 12 MONTHS (IN 2010 INFLATION-ADJUSTED DOLLARS) - Population 15 years and over
HC05_EST_VC57,Moved; from abroad; Estimate; INDIVIDUAL INCOME IN THE PAST 12 MONTHS (IN 2010 INFLATION-ADJUSTED DOLLARS) - Population 15 years and over
HC05_MOE_VC57,Moved; from abroad; Margin of Error; INDIVIDUAL INCOME IN THE PAST 12 MONTHS (IN 2010 INFLATION-ADJUSTED DOLLARS) - Population 15 years and over
HC01_EST_VC58,"Total; Estimate; INDIVIDUAL INCOME IN THE PAST 12 MONTHS (IN 2010 INFLATION-ADJUSTED DOLLARS) - $1 to $9,999 or loss"
HC01_MOE_VC58,"Total; Margin of Error; INDIVIDUAL INCOME IN THE PAST 12 MONTHS (IN 2010 INFLATION-ADJUSTED DOLLARS) - $1 to $9,999 or loss"
HC02_EST_VC58,"Moved; within same county; Estimate; INDIVIDUAL INCOME IN THE PAST 12 MONTHS (IN 2010 INFLATION-ADJUSTED DOLLARS) - $1 to $9,999 or loss"
HC02_MOE_VC58,"Moved; within same county; Margin of Error; INDIVIDUAL INCOME IN THE PAST 12 MONTHS (IN 2010 INFLATION-ADJUSTED DOLLARS) - $1 to $9,999 or loss"
HC03_EST_VC58,"Moved; from different county, same state; Estimate; INDIVIDUAL INCOME IN THE PAST 12 MONTHS (IN 2010 INFLATION-ADJUSTED DOLLARS) - $1 to $9,999 or loss"
HC03_MOE_VC58,"Moved; from different county, same state; Margin of Error; INDIVIDUAL INCOME IN THE PAST 12 MONTHS (IN 2010 INFLATION-ADJUSTED DOLLARS) - $1 to $9,999 or loss"
HC04_EST_VC58,"Moved; from different  state; Estimate; INDIVIDUAL INCOME IN THE PAST 12 MONTHS (IN 2010 INFLATION-ADJUSTED DOLLARS) - $1 to $9,999 or loss"
HC04_MOE_VC58,"Moved; from different  state; Margin of Error; INDIVIDUAL INCOME IN THE PAST 12 MONTHS (IN 2010 INFLATION-ADJUSTED DOLLARS) - $1 to $9,999 or loss"
HC05_EST_VC58,"Moved; from abroad; Estimate; INDIVIDUAL INCOME IN THE PAST 12 MONTHS (IN 2010 INFLATION-ADJUSTED DOLLARS) - $1 to $9,999 or loss"
HC05_MOE_VC58,"Moved; from abroad; Margin of Error; INDIVIDUAL INCOME IN THE PAST 12 MONTHS (IN 2010 INFLATION-ADJUSTED DOLLARS) - $1 to $9,999 or loss"
HC01_EST_VC59,"Total; Estimate; INDIVIDUAL INCOME IN THE PAST 12 MONTHS (IN 2010 INFLATION-ADJUSTED DOLLARS) - $10,000 to $14,999"
HC01_MOE_VC59,"Total; Margin of Error; INDIVIDUAL INCOME IN THE PAST 12 MONTHS (IN 2010 INFLATION-ADJUSTED DOLLARS) - $10,000 to $14,999"
HC02_EST_VC59,"Moved; within same county; Estimate; INDIVIDUAL INCOME IN THE PAST 12 MONTHS (IN 2010 INFLATION-ADJUSTED DOLLARS) - $10,000 to $14,999"
HC02_MOE_VC59,"Moved; within same county; Margin of Error; INDIVIDUAL INCOME IN THE PAST 12 MONTHS (IN 2010 INFLATION-ADJUSTED DOLLARS) - $10,000 to $14,999"
HC03_EST_VC59,"Moved; from different county, same state; Estimate; INDIVIDUAL INCOME IN THE PAST 12 MONTHS (IN 2010 INFLATION-ADJUSTED DOLLARS) - $10,000 to $14,999"
HC03_MOE_VC59,"Moved; from different county, same state; Margin of Error; INDIVIDUAL INCOME IN THE PAST 12 MONTHS (IN 2010 INFLATION-ADJUSTED DOLLARS) - $10,000 to $14,999"
HC04_EST_VC59,"Moved; from different  state; Estimate; INDIVIDUAL INCOME IN THE PAST 12 MONTHS (IN 2010 INFLATION-ADJUSTED DOLLARS) - $10,000 to $14,999"
HC04_MOE_VC59,"Moved; from different  state; Margin of Error; INDIVIDUAL INCOME IN THE PAST 12 MONTHS (IN 2010 INFLATION-ADJUSTED DOLLARS) - $10,000 to $14,999"
HC05_EST_VC59,"Moved; from abroad; Estimate; INDIVIDUAL INCOME IN THE PAST 12 MONTHS (IN 2010 INFLATION-ADJUSTED DOLLARS) - $10,000 to $14,999"
HC05_MOE_VC59,"Moved; from abroad; Margin of Error; INDIVIDUAL INCOME IN THE PAST 12 MONTHS (IN 2010 INFLATION-ADJUSTED DOLLARS) - $10,000 to $14,999"
HC01_EST_VC60,"Total; Estimate; INDIVIDUAL INCOME IN THE PAST 12 MONTHS (IN 2010 INFLATION-ADJUSTED DOLLARS) - $15,000 to $24,999"
HC01_MOE_VC60,"Total; Margin of Error; INDIVIDUAL INCOME IN THE PAST 12 MONTHS (IN 2010 INFLATION-ADJUSTED DOLLARS) - $15,000 to $24,999"
HC02_EST_VC60,"Moved; within same county; Estimate; INDIVIDUAL INCOME IN THE PAST 12 MONTHS (IN 2010 INFLATION-ADJUSTED DOLLARS) - $15,000 to $24,999"
HC02_MOE_VC60,"Moved; within same county; Margin of Error; INDIVIDUAL INCOME IN THE PAST 12 MONTHS (IN 2010 INFLATION-ADJUSTED DOLLARS) - $15,000 to $24,999"
HC03_EST_VC60,"Moved; from different county, same state; Estimate; INDIVIDUAL INCOME IN THE PAST 12 MONTHS (IN 2010 INFLATION-ADJUSTED DOLLARS) - $15,000 to $24,999"
HC03_MOE_VC60,"Moved; from different county, same state; Margin of Error; INDIVIDUAL INCOME IN THE PAST 12 MONTHS (IN 2010 INFLATION-ADJUSTED DOLLARS) - $15,000 to $24,999"
HC04_EST_VC60,"Moved; from different  state; Estimate; INDIVIDUAL INCOME IN THE PAST 12 MONTHS (IN 2010 INFLATION-ADJUSTED DOLLARS) - $15,000 to $24,999"
HC04_MOE_VC60,"Moved; from different  state; Margin of Error; INDIVIDUAL INCOME IN THE PAST 12 MONTHS (IN 2010 INFLATION-ADJUSTED DOLLARS) - $15,000 to $24,999"
HC05_EST_VC60,"Moved; from abroad; Estimate; INDIVIDUAL INCOME IN THE PAST 12 MONTHS (IN 2010 INFLATION-ADJUSTED DOLLARS) - $15,000 to $24,999"
HC05_MOE_VC60,"Moved; from abroad; Margin of Error; INDIVIDUAL INCOME IN THE PAST 12 MONTHS (IN 2010 INFLATION-ADJUSTED DOLLARS) - $15,000 to $24,999"
HC01_EST_VC61,"Total; Estimate; INDIVIDUAL INCOME IN THE PAST 12 MONTHS (IN 2010 INFLATION-ADJUSTED DOLLARS) - $25,000 to $34,999"
HC01_MOE_VC61,"Total; Margin of Error; INDIVIDUAL INCOME IN THE PAST 12 MONTHS (IN 2010 INFLATION-ADJUSTED DOLLARS) - $25,000 to $34,999"
HC02_EST_VC61,"Moved; within same county; Estimate; INDIVIDUAL INCOME IN THE PAST 12 MONTHS (IN 2010 INFLATION-ADJUSTED DOLLARS) - $25,000 to $34,999"
HC02_MOE_VC61,"Moved; within same county; Margin of Error; INDIVIDUAL INCOME IN THE PAST 12 MONTHS (IN 2010 INFLATION-ADJUSTED DOLLARS) - $25,000 to $34,999"
HC03_EST_VC61,"Moved; from different county, same state; Estimate; INDIVIDUAL INCOME IN THE PAST 12 MONTHS (IN 2010 INFLATION-ADJUSTED DOLLARS) - $25,000 to $34,999"
HC03_MOE_VC61,"Moved; from different county, same state; Margin of Error; INDIVIDUAL INCOME IN THE PAST 12 MONTHS (IN 2010 INFLATION-ADJUSTED DOLLARS) - $25,000 to $34,999"
HC04_EST_VC61,"Moved; from different  state; Estimate; INDIVIDUAL INCOME IN THE PAST 12 MONTHS (IN 2010 INFLATION-ADJUSTED DOLLARS) - $25,000 to $34,999"
HC04_MOE_VC61,"Moved; from different  state; Margin of Error; INDIVIDUAL INCOME IN THE PAST 12 MONTHS (IN 2010 INFLATION-ADJUSTED DOLLARS) - $25,000 to $34,999"
HC05_EST_VC61,"Moved; from abroad; Estimate; INDIVIDUAL INCOME IN THE PAST 12 MONTHS (IN 2010 INFLATION-ADJUSTED DOLLARS) - $25,000 to $34,999"
HC05_MOE_VC61,"Moved; from abroad; Margin of Error; INDIVIDUAL INCOME IN THE PAST 12 MONTHS (IN 2010 INFLATION-ADJUSTED DOLLARS) - $25,000 to $34,999"
HC01_EST_VC62,"Total; Estimate; INDIVIDUAL INCOME IN THE PAST 12 MONTHS (IN 2010 INFLATION-ADJUSTED DOLLARS) - $35,000 to $49,999"
HC01_MOE_VC62,"Total; Margin of Error; INDIVIDUAL INCOME IN THE PAST 12 MONTHS (IN 2010 INFLATION-ADJUSTED DOLLARS) - $35,000 to $49,999"
HC02_EST_VC62,"Moved; within same county; Estimate; INDIVIDUAL INCOME IN THE PAST 12 MONTHS (IN 2010 INFLATION-ADJUSTED DOLLARS) - $35,000 to $49,999"
HC02_MOE_VC62,"Moved; within same county; Margin of Error; INDIVIDUAL INCOME IN THE PAST 12 MONTHS (IN 2010 INFLATION-ADJUSTED DOLLARS) - $35,000 to $49,999"
HC03_EST_VC62,"Moved; from different county, same state; Estimate; INDIVIDUAL INCOME IN THE PAST 12 MONTHS (IN 2010 INFLATION-ADJUSTED DOLLARS) - $35,000 to $49,999"
HC03_MOE_VC62,"Moved; from different county, same state; Margin of Error; INDIVIDUAL INCOME IN THE PAST 12 MONTHS (IN 2010 INFLATION-ADJUSTED DOLLARS) - $35,000 to $49,999"
HC04_EST_VC62,"Moved; from different  state; Estimate; INDIVIDUAL INCOME IN THE PAST 12 MONTHS (IN 2010 INFLATION-ADJUSTED DOLLARS) - $35,000 to $49,999"
HC04_MOE_VC62,"Moved; from different  state; Margin of Error; INDIVIDUAL INCOME IN THE PAST 12 MONTHS (IN 2010 INFLATION-ADJUSTED DOLLARS) - $35,000 to $49,999"
HC05_EST_VC62,"Moved; from abroad; Estimate; INDIVIDUAL INCOME IN THE PAST 12 MONTHS (IN 2010 INFLATION-ADJUSTED DOLLARS) - $35,000 to $49,999"
HC05_MOE_VC62,"Moved; from abroad; Margin of Error; INDIVIDUAL INCOME IN THE PAST 12 MONTHS (IN 2010 INFLATION-ADJUSTED DOLLARS) - $35,000 to $49,999"
HC01_EST_VC63,"Total; Estimate; INDIVIDUAL INCOME IN THE PAST 12 MONTHS (IN 2010 INFLATION-ADJUSTED DOLLARS) - $50,000 to $64,999"
HC01_MOE_VC63,"Total; Margin of Error; INDIVIDUAL INCOME IN THE PAST 12 MONTHS (IN 2010 INFLATION-ADJUSTED DOLLARS) - $50,000 to $64,999"
HC02_EST_VC63,"Moved; within same county; Estimate; INDIVIDUAL INCOME IN THE PAST 12 MONTHS (IN 2010 INFLATION-ADJUSTED DOLLARS) - $50,000 to $64,999"
HC02_MOE_VC63,"Moved; within same county; Margin of Error; INDIVIDUAL INCOME IN THE PAST 12 MONTHS (IN 2010 INFLATION-ADJUSTED DOLLARS) - $50,000 to $64,999"
HC03_EST_VC63,"Moved; from different county, same state; Estimate; INDIVIDUAL INCOME IN THE PAST 12 MONTHS (IN 2010 INFLATION-ADJUSTED DOLLARS) - $50,000 to $64,999"
HC03_MOE_VC63,"Moved; from different county, same state; Margin of Error; INDIVIDUAL INCOME IN THE PAST 12 MONTHS (IN 2010 INFLATION-ADJUSTED DOLLARS) - $50,000 to $64,999"
HC04_EST_VC63,"Moved; from different  state; Estimate; INDIVIDUAL INCOME IN THE PAST 12 MONTHS (IN 2010 INFLATION-ADJUSTED DOLLARS) - $50,000 to $64,999"
HC04_MOE_VC63,"Moved; from different  state; Margin of Error; INDIVIDUAL INCOME IN THE PAST 12 MONTHS (IN 2010 INFLATION-ADJUSTED DOLLARS) - $50,000 to $64,999"
HC05_EST_VC63,"Moved; from abroad; Estimate; INDIVIDUAL INCOME IN THE PAST 12 MONTHS (IN 2010 INFLATION-ADJUSTED DOLLARS) - $50,000 to $64,999"
HC05_MOE_VC63,"Moved; from abroad; Margin of Error; INDIVIDUAL INCOME IN THE PAST 12 MONTHS (IN 2010 INFLATION-ADJUSTED DOLLARS) - $50,000 to $64,999"
HC01_EST_VC64,"Total; Estimate; INDIVIDUAL INCOME IN THE PAST 12 MONTHS (IN 2010 INFLATION-ADJUSTED DOLLARS) - $65,000 to $74,999"
HC01_MOE_VC64,"Total; Margin of Error; INDIVIDUAL INCOME IN THE PAST 12 MONTHS (IN 2010 INFLATION-ADJUSTED DOLLARS) - $65,000 to $74,999"
HC02_EST_VC64,"Moved; within same county; Estimate; INDIVIDUAL INCOME IN THE PAST 12 MONTHS (IN 2010 INFLATION-ADJUSTED DOLLARS) - $65,000 to $74,999"
HC02_MOE_VC64,"Moved; within same county; Margin of Error; INDIVIDUAL INCOME IN THE PAST 12 MONTHS (IN 2010 INFLATION-ADJUSTED DOLLARS) - $65,000 to $74,999"
HC03_EST_VC64,"Moved; from different county, same state; Estimate; INDIVIDUAL INCOME IN THE PAST 12 MONTHS (IN 2010 INFLATION-ADJUSTED DOLLARS) - $65,000 to $74,999"
HC03_MOE_VC64,"Moved; from different county, same state; Margin of Error; INDIVIDUAL INCOME IN THE PAST 12 MONTHS (IN 2010 INFLATION-ADJUSTED DOLLARS) - $65,000 to $74,999"
HC04_EST_VC64,"Moved; from different  state; Estimate; INDIVIDUAL INCOME IN THE PAST 12 MONTHS (IN 2010 INFLATION-ADJUSTED DOLLARS) - $65,000 to $74,999"
HC04_MOE_VC64,"Moved; from different  state; Margin of Error; INDIVIDUAL INCOME IN THE PAST 12 MONTHS (IN 2010 INFLATION-ADJUSTED DOLLARS) - $65,000 to $74,999"
HC05_EST_VC64,"Moved; from abroad; Estimate; INDIVIDUAL INCOME IN THE PAST 12 MONTHS (IN 2010 INFLATION-ADJUSTED DOLLARS) - $65,000 to $74,999"
HC05_MOE_VC64,"Moved; from abroad; Margin of Error; INDIVIDUAL INCOME IN THE PAST 12 MONTHS (IN 2010 INFLATION-ADJUSTED DOLLARS) - $65,000 to $74,999"
HC01_EST_VC65,"Total; Estimate; INDIVIDUAL INCOME IN THE PAST 12 MONTHS (IN 2010 INFLATION-ADJUSTED DOLLARS) - $75,000 or more"
HC01_MOE_VC65,"Total; Margin of Error; INDIVIDUAL INCOME IN THE PAST 12 MONTHS (IN 2010 INFLATION-ADJUSTED DOLLARS) - $75,000 or more"
HC02_EST_VC65,"Moved; within same county; Estimate; INDIVIDUAL INCOME IN THE PAST 12 MONTHS (IN 2010 INFLATION-ADJUSTED DOLLARS) - $75,000 or more"
HC02_MOE_VC65,"Moved; within same county; Margin of Error; INDIVIDUAL INCOME IN THE PAST 12 MONTHS (IN 2010 INFLATION-ADJUSTED DOLLARS) - $75,000 or more"
HC03_EST_VC65,"Moved; from different county, same state; Estimate; INDIVIDUAL INCOME IN THE PAST 12 MONTHS (IN 2010 INFLATION-ADJUSTED DOLLARS) - $75,000 or more"
HC03_MOE_VC65,"Moved; from different county, same state; Margin of Error; INDIVIDUAL INCOME IN THE PAST 12 MONTHS (IN 2010 INFLATION-ADJUSTED DOLLARS) - $75,000 or more"
HC04_EST_VC65,"Moved; from different  state; Estimate; INDIVIDUAL INCOME IN THE PAST 12 MONTHS (IN 2010 INFLATION-ADJUSTED DOLLARS) - $75,000 or more"
HC04_MOE_VC65,"Moved; from different  state; Margin of Error; INDIVIDUAL INCOME IN THE PAST 12 MONTHS (IN 2010 INFLATION-ADJUSTED DOLLARS) - $75,000 or more"
HC05_EST_VC65,"Moved; from abroad; Estimate; INDIVIDUAL INCOME IN THE PAST 12 MONTHS (IN 2010 INFLATION-ADJUSTED DOLLARS) - $75,000 or more"
HC05_MOE_VC65,"Moved; from abroad; Margin of Error; INDIVIDUAL INCOME IN THE PAST 12 MONTHS (IN 2010 INFLATION-ADJUSTED DOLLARS) - $75,000 or more"
HC01_EST_VC67,Total; Estimate; Median income (dollars)
HC01_MOE_VC67,Total; Margin of Error; Median income (dollars)
HC02_EST_VC67,Moved; within same county; Estimate; Median income (dollars)
HC02_MOE_VC67,Moved; within same county; Margin of Error; Median income (dollars)
HC03_EST_VC67,"Moved; from different county, same state; Estimate; Median income (dollars)"
HC03_MOE_VC67,"Moved; from different county, same state; Margin of Error; Median income (dollars)"
HC04_EST_VC67,Moved; from different  state; Estimate; Median income (dollars)
HC04_MOE_VC67,Moved; from different  state; Margin of Error; Median income (dollars)
HC05_EST_VC67,Moved; from abroad; Estimate; Median income (dollars)
HC05_MOE_VC67,Moved; from abroad; Margin of Error; Median income (dollars)
HC01_EST_VC71,Total; Estimate; POVERTY STATUS IN THE PAST 12 MONTHS - Population 1 year and over for whom poverty status is determined
HC01_MOE_VC71,Total; Margin of Error; POVERTY STATUS IN THE PAST 12 MONTHS - Population 1 year and over for whom poverty status is determined
HC02_EST_VC71,Moved; within same county; Estimate; POVERTY STATUS IN THE PAST 12 MONTHS - Population 1 year and over for whom poverty status is determined
HC02_MOE_VC71,Moved; within same county; Margin of Error; POVERTY STATUS IN THE PAST 12 MONTHS - Population 1 year and over for whom poverty status is determined
HC03_EST_VC71,"Moved; from different county, same state; Estimate; POVERTY STATUS IN THE PAST 12 MONTHS - Population 1 year and over for whom poverty status is determined"
HC03_MOE_VC71,"Moved; from different county, same state; Margin of Error; POVERTY STATUS IN THE PAST 12 MONTHS - Population 1 year and over for whom poverty status is determined"
HC04_EST_VC71,Moved; from different  state; Estimate; POVERTY STATUS IN THE PAST 12 MONTHS - Population 1 year and over for whom poverty status is determined
HC04_MOE_VC71,Moved; from different  state; Margin of Error; POVERTY STATUS IN THE PAST 12 MONTHS - Population 1 year and over for whom poverty status is determined
HC05_EST_VC71,Moved; from abroad; Estimate; POVERTY STATUS IN THE PAST 12 MONTHS - Population 1 year and over for whom poverty status is determined
HC05_MOE_VC71,Moved; from abroad; Margin of Error; POVERTY STATUS IN THE PAST 12 MONTHS - Population 1 year and over for whom poverty status is determined
HC01_EST_VC72,Total; Estimate; POVERTY STATUS IN THE PAST 12 MONTHS - Below 100 percent of the poverty level
HC01_MOE_VC72,Total; Margin of Error; POVERTY STATUS IN THE PAST 12 MONTHS - Below 100 percent of the poverty level
HC02_EST_VC72,Moved; within same county; Estimate; POVERTY STATUS IN THE PAST 12 MONTHS - Below 100 percent of the poverty level
HC02_MOE_VC72,Moved; within same county; Margin of Error; POVERTY STATUS IN THE PAST 12 MONTHS - Below 100 percent of the poverty level
HC03_EST_VC72,"Moved; from different county, same state; Estimate; POVERTY STATUS IN THE PAST 12 MONTHS - Below 100 percent of the poverty level"
HC03_MOE_VC72,"Moved; from different county, same state; Margin of Error; POVERTY STATUS IN THE PAST 12 MONTHS - Below 100 percent of the poverty level"
HC04_EST_VC72,Moved; from different  state; Estimate; POVERTY STATUS IN THE PAST 12 MONTHS - Below 100 percent of the poverty level
HC04_MOE_VC72,Moved; from different  state; Margin of Error; POVERTY STATUS IN THE PAST 12 MONTHS - Below 100 percent of the poverty level
HC05_EST_VC72,Moved; from abroad; Estimate; POVERTY STATUS IN THE PAST 12 MONTHS - Below 100 percent of the poverty level
HC05_MOE_VC72,Moved; from abroad; Margin of Error; POVERTY STATUS IN THE PAST 12 MONTHS - Below 100 percent of the poverty level
HC01_EST_VC73,Total; Estimate; POVERTY STATUS IN THE PAST 12 MONTHS - 100 to 149 percent of the poverty level
HC01_MOE_VC73,Total; Margin of Error; POVERTY STATUS IN THE PAST 12 MONTHS - 100 to 149 percent of the poverty level
HC02_EST_VC73,Moved; within same county; Estimate; POVERTY STATUS IN THE PAST 12 MONTHS - 100 to 149 percent of the poverty level
HC02_MOE_VC73,Moved; within same county; Margin of Error; POVERTY STATUS IN THE PAST 12 MONTHS - 100 to 149 percent of the poverty level
HC03_EST_VC73,"Moved; from different county, same state; Estimate; POVERTY STATUS IN THE PAST 12 MONTHS - 100 to 149 percent of the poverty level"
HC03_MOE_VC73,"Moved; from different county, same state; Margin of Error; POVERTY STATUS IN THE PAST 12 MONTHS - 100 to 149 percent of the poverty level"
HC04_EST_VC73,Moved; from different  state; Estimate; POVERTY STATUS IN THE PAST 12 MONTHS - 100 to 149 percent of the poverty level
HC04_MOE_VC73,Moved; from different  state; Margin of Error; POVERTY STATUS IN THE PAST 12 MONTHS - 100 to 149 percent of the poverty level
HC05_EST_VC73,Moved; from abroad; Estimate; POVERTY STATUS IN THE PAST 12 MONTHS - 100 to 149 percent of the poverty level
HC05_MOE_VC73,Moved; from abroad; Margin of Error; POVERTY STATUS IN THE PAST 12 MONTHS - 100 to 149 percent of the poverty level
HC01_EST_VC74,Total; Estimate; POVERTY STATUS IN THE PAST 12 MONTHS - At or above 150 percent of the poverty level
HC01_MOE_VC74,Total; Margin of Error; POVERTY STATUS IN THE PAST 12 MONTHS - At or above 150 percent of the poverty level
HC02_EST_VC74,Moved; within same county; Estimate; POVERTY STATUS IN THE PAST 12 MONTHS - At or above 150 percent of the poverty level
HC02_MOE_VC74,Moved; within same county; Margin of Error; POVERTY STATUS IN THE PAST 12 MONTHS - At or above 150 percent of the poverty level
HC03_EST_VC74,"Moved; from different county, same state; Estimate; POVERTY STATUS IN THE PAST 12 MONTHS - At or above 150 percent of the poverty level"
HC03_MOE_VC74,"Moved; from different county, same state; Margin of Error; POVERTY STATUS IN THE PAST 12 MONTHS - At or above 150 percent of the poverty level"
HC04_EST_VC74,Moved; from different  state; Estimate; POVERTY STATUS IN THE PAST 12 MONTHS - At or above 150 percent of the poverty level
HC04_MOE_VC74,Moved; from different  state; Margin of Error; POVERTY STATUS IN THE PAST 12 MONTHS - At or above 150 percent of the poverty level
HC05_EST_VC74,Moved; from abroad; Estimate; POVERTY STATUS IN THE PAST 12 MONTHS - At or above 150 percent of the poverty level
HC05_MOE_VC74,Moved; from abroad; Margin of Error; POVERTY STATUS IN THE PAST 12 MONTHS - At or above 150 percent of the poverty level
HC01_EST_VC78,Total; Estimate; HOUSING TENURE - Population 1 year and over in housing units
HC01_MOE_VC78,Total; Margin of Error; HOUSING TENURE - Population 1 year and over in housing units
HC02_EST_VC78,Moved; within same county; Estimate; HOUSING TENURE - Population 1 year and over in housing units
HC02_MOE_VC78,Moved; within same county; Margin of Error; HOUSING TENURE - Population 1 year and over in housing units
HC03_EST_VC78,"Moved; from different county, same state; Estimate; HOUSING TENURE - Population 1 year and over in housing units"
HC03_MOE_VC78,"Moved; from different county, same state; Margin of Error; HOUSING TENURE - Population 1 year and over in housing units"
HC04_EST_VC78,Moved; from different  state; Estimate; HOUSING TENURE - Population 1 year and over in housing units
HC04_MOE_VC78,Moved; from different  state; Margin of Error; HOUSING TENURE - Population 1 year and over in housing units
HC05_EST_VC78,Moved; from abroad; Estimate; HOUSING TENURE - Population 1 year and over in housing units
HC05_MOE_VC78,Moved; from abroad; Margin of Error; HOUSING TENURE - Population 1 year and over in housing units
HC01_EST_VC79,Total; Estimate; HOUSING TENURE - Householder lived in owner-occupied housing units
HC01_MOE_VC79,Total; Margin of Error; HOUSING TENURE - Householder lived in owner-occupied housing units
HC02_EST_VC79,Moved; within same county; Estimate; HOUSING TENURE - Householder lived in owner-occupied housing units
HC02_MOE_VC79,Moved; within same county; Margin of Error; HOUSING TENURE - Householder lived in owner-occupied housing units
HC03_EST_VC79,"Moved; from different county, same state; Estimate; HOUSING TENURE - Householder lived in owner-occupied housing units"
HC03_MOE_VC79,"Moved; from different county, same state; Margin of Error; HOUSING TENURE - Householder lived in owner-occupied housing units"
HC04_EST_VC79,Moved; from different  state; Estimate; HOUSING TENURE - Householder lived in owner-occupied housing units
HC04_MOE_VC79,Moved; from different  state; Margin of Error; HOUSING TENURE - Householder lived in owner-occupied housing units
HC05_EST_VC79,Moved; from abroad; Estimate; HOUSING TENURE - Householder lived in owner-occupied housing units
HC05_MOE_VC79,Moved; from abroad; Margin of Error; HOUSING TENURE - Householder lived in owner-occupied housing units
HC01_EST_VC80,Total; Estimate; HOUSING TENURE - Householder lived in renter-occupied housing units
HC01_MOE_VC80,Total; Margin of Error; HOUSING TENURE - Householder lived in renter-occupied housing units
HC02_EST_VC80,Moved; within same county; Estimate; HOUSING TENURE - Householder lived in renter-occupied housing units
HC02_MOE_VC80,Moved; within same county; Margin of Error; HOUSING TENURE - Householder lived in renter-occupied housing units
HC03_EST_VC80,"Moved; from different county, same state; Estimate; HOUSING TENURE - Householder lived in renter-occupied housing units"
HC03_MOE_VC80,"Moved; from different county, same state; Margin of Error; HOUSING TENURE - Householder lived in renter-occupied housing units"
HC04_EST_VC80,Moved; from different  state; Estimate; HOUSING TENURE - Householder lived in renter-occupied housing units
HC04_MOE_VC80,Moved; from different  state; Margin of Error; HOUSING TENURE - Householder lived in renter-occupied housing units
HC05_EST_VC80,Moved; from abroad; Estimate; HOUSING TENURE - Householder lived in renter-occupied housing units
HC05_MOE_VC80,Moved; from abroad; Margin of Error; HOUSING TENURE - Householder lived in renter-occupied housing units
HC01_EST_VC83,Total; Estimate; PERCENT IMPUTED - Residence 1 year ago
HC01_MOE_VC83,Total; Margin of Error; PERCENT IMPUTED - Residence 1 year ago
HC02_EST_VC83,Moved; within same county; Estimate; PERCENT IMPUTED - Residence 1 year ago
HC02_MOE_VC83,Moved; within same county; Margin of Error; PERCENT IMPUTED - Residence 1 year ago
HC03_EST_VC83,"Moved; from different county, same state; Estimate; PERCENT IMPUTED - Residence 1 year ago"
HC03_MOE_VC83,"Moved; from different county, same state; Margin of Error; PERCENT IMPUTED - Residence 1 year ago"
HC04_EST_VC83,Moved; from different  state; Estimate; PERCENT IMPUTED - Residence 1 year ago
HC04_MOE_VC83,Moved; from different  state; Margin of Error; PERCENT IMPUTED - Residence 1 year ago
HC05_EST_VC83,Moved; from abroad; Estimate; PERCENT IMPUTED - Residence 1 year ago
HC05_MOE_VC83,Moved; from abroad; Margin of Error; PERCENT IMPUTED - Residence 1 year ago
